Employee_Id,Name,Department,Project,Hobby
0,Bronwyn Cairns,Big Data,5,Astronomy
1,Donovan Foreman,Financial,13,LARPing
2,Marsha Koch,Financial,11,Designing
3,Ilayda Witt,Backend,2,Origami
4,Nadir Huff,Machine Learning,7,Leather
5,Lexie Stout,Machine Learning,12,Embroidery
6,Affan Clay,Frontend,12,Designing
7,Jarod Holt,Big Data,6,Shell
8,Dylan Adkins,Machine Learning,1,Hunting
9,Martina Dale,Human Resources,1,Volunteering
10,Sydney Ross,Backend,7,Origami
11,Emerson Preston,Machine Learning,9,Computer
12,Bernice Colon,Financial,8,Art
13,Abdullahi Steadman,Backend,6,Board
14,Jozef Wilcox,Backend,13,Shell
15,Farrell Hahn,Frontend,1,Jewelry
16,Rima Mullen,Human Resources,11,Crocheting
17,Iga Davis,Cloud,11,Metal
18,Geoffrey Vega,Frontend,2,Computer
19,Ella-Mai Estes,Design,12,Cosplaying
20,Giorgia Webster,Human Resources,7,Aquarium
21,Madison Mcintyre,Backend,5,Furniture
22,Daisy-May Rosales,Financial,9,Sports
23,Hilary Stevens,Machine Learning,8,Scrapbooking
24,Jamie Ryan,Marketing,7,Record
25,Saniya Paine,Cloud,6,Podcast
26,Tyler Wise,Design,2,Board
27,Susan Kelley,Human Resources,2,Carpet
28,Aditi Travis,Human Resources,7,Sand
29,Earl Li,Financial,12,Drawing
30,Margaux Sinclair,Financial,1,Hunting
31,Leyla Sparrow,Marketing,11,Baking
32,Brendan Rivera,Cloud,9,Hobby
33,Lilly-May Bone,Machine Learning,13,Shell
34,Johan Welch,Human Resources,9,Vintage
35,Isabell Shepard,Marketing,9,Shell
36,Sumaya Palacios,Design,8,Cheese
37,Wasim Hirst,Human Resources,10,Toy
38,Laaibah Cole,Machine Learning,7,Working
39,Opal Roche,Human Resources,13,Travel
40,Amy-Louise Murray,Human Resources,13,Parkour
41,Herbie Halliday,Backend,7,Card
42,Jayden Parkes,Financial,6,Kayaking
43,Konnor Sims,Human Resources,4,Chess
44,Hadiqa Beltran,Marketing,8,Furniture
45,Alton Gilmour,Marketing,6,Sewing
46,Shiv Higgs,Human Resources,9,Hiking
47,Kaylan Mendez,Design,8,Journaling
48,Trevor Humphrey,Machine Learning,13,Billiards
49,Carina Ramsay,Cloud,9,Shell
50,Brooke Powers,Cloud,2,Juggling
51,Hunter Wells,Frontend,1,Board
52,Addison Miles,Big Data,2,Amateur
53,Brandon-Lee Moran,Financial,1,Camping
54,Huw Driscoll,Frontend,4,Survivalis
55,Sannah Vang,Big Data,13,Toy
56,Gwion Winters,Cloud,6,Journaling
57,Tyla Davidson,Big Data,3,Rock
58,Karolina Senior,Frontend,9,Sand
59,Shanaya Henson,Frontend,11,Hobby
60,Allegra Palmer,Frontend,8,Aquarium
61,Clive Morrison,Design,8,Dancing
62,Kobie Baxter,Big Data,1,Wood
63,Hywel Gonzales,Marketing,6,Baking
64,Cecelia Mcdougall,Backend,5,Crocheting
65,Talitha Payne,Frontend,12,Bird
66,Nia Norman,Backend,10,Home
67,Madelyn Proctor,Machine Learning,4,Embroidery
68,Stacie Fuentes,Marketing,3,Camping
69,Sonnie Dickens,Cloud,8,Fishing
70,Camron Carter,Human Resources,11,Hula
71,Chace Simmons,Human Resources,4,Knitting
72,Leticia Griffiths,Human Resources,8,Creative
73,Faiz Cannon,Human Resources,11,Art
74,Dhruv Andrews,Marketing,11,Hunting
75,Taliah Fry,Design,11,Puzzles
76,Kyan Kirkpatrick,Marketing,1,Creative
77,Gareth Wong,Frontend,3,Travel
78,Cora Chang,Machine Learning,5,Antique
79,Olly Ayers,Big Data,5,Geocaching
80,Safiyyah Wilkins,Cloud,7,Cooking
81,Amber Ferrell,Frontend,3,Chess
82,Naomi Mohammed,Human Resources,1,Backpacking
83,Gene Kramer,Backend,10,Table
84,Jean-Luc Rogers,Cloud,13,Jewelry
85,Ameena Rangel,Human Resources,1,Hula
86,Leena Neale,Backend,6,Origami
87,Gina Chaney,Backend,10,Metal
88,Braydon Gardiner,Marketing,10,Amateur
89,Woodrow Harding,Financial,2,Stamp
90,John-Paul Barton,Marketing,5,Podcast
91,Rizwan Foster,Financial,1,Furniture
92,Huzaifah Silva,Marketing,5,Wine
93,Ayaz Serrano,Cloud,4,Camping
94,Alesha Head,Cloud,6,Wine
95,Tanvir Power,Backend,5,Knitting
96,Leoni Magana,Big Data,7,Amateur
97,Conner Lynch,Design,11,Board
98,Montague Mccall,Financial,13,Trivia
99,Balraj Andersen,Backend,2,Trivia
100,Bronwyn Cairns,Machine Learning,2,Computer
101,Donovan Foreman,Cloud,3,Astronomy
102,Marsha Koch,Backend,5,Trivia
103,Ilayda Witt,Human Resources,5,Mixology
104,Nadir Huff,Design,6,Drawing
105,Lexie Stout,Frontend,4,Beekeeping
106,Affan Clay,Financial,3,Genealogy
107,Jarod Holt,Human Resources,13,Juggling
108,Dylan Adkins,Design,1,Bird
109,Martina Dale,Big Data,7,Quilting
110,Sydney Ross,Cloud,6,Meteorology
111,Emerson Preston,Marketing,2,Beekeeping
112,Bernice Colon,Human Resources,4,Puzzles
113,Abdullahi Steadman,Big Data,5,Chess
114,Jozef Wilcox,Frontend,10,Painting
115,Farrell Hahn,Big Data,8,Trivia
116,Rima Mullen,Big Data,13,Memorabilia
117,Iga Davis,Frontend,1,Archery
118,Geoffrey Vega,Machine Learning,2,Language
119,Ella-Mai Estes,Big Data,13,Quilting
120,Giorgia Webster,Backend,4,Archery
121,Madison Mcintyre,Marketing,3,Table
122,Daisy-May Rosales,Financial,3,Beekeeping
123,Hilary Stevens,Backend,3,Thrifting
124,Jamie Ryan,Big Data,7,Cosplaying
125,Saniya Paine,Human Resources,5,Origami
126,Tyler Wise,Frontend,12,Board
127,Susan Kelley,Design,2,Welding
128,Aditi Travis,Design,1,Classic
129,Earl Li,Machine Learning,13,Hunting
130,Margaux Sinclair,Design,8,Rock
131,Leyla Sparrow,Design,7,Scrapbooking
132,Brendan Rivera,Big Data,6,Running
133,Lilly-May Bone,Financial,2,Billiards
134,Johan Welch,Backend,13,Postcard
135,Isabell Shepard,Human Resources,12,Journaling
136,Sumaya Palacios,Design,5,Wood
137,Wasim Hirst,Human Resources,4,Coin
138,Laaibah Cole,Backend,4,Baking
139,Opal Roche,Big Data,5,Painting
140,Amy-Louise Murray,Financial,2,Composting
141,Herbie Halliday,Design,4,Volunteering
142,Jayden Parkes,Frontend,1,Photography
143,Konnor Sims,Cloud,6,Wine
144,Hadiqa Beltran,Frontend,4,Juggling
145,Alton Gilmour,Big Data,9,Mixology
146,Shiv Higgs,Big Data,4,Language
147,Kaylan Mendez,Machine Learning,13,Art
148,Trevor Humphrey,Marketing,2,Record
149,Carina Ramsay,Human Resources,2,Toy
150,Brooke Powers,Big Data,1,Working
151,Hunter Wells,Machine Learning,5,Book
152,Addison Miles,Design,8,Survivalis
153,Brandon-Lee Moran,Cloud,2,Wood
154,Huw Driscoll,Design,2,Furniture
155,Sannah Vang,Cloud,3,Home
156,Gwion Winters,Cloud,6,Kite
157,Tyla Davidson,Big Data,12,Baking
158,Karolina Senior,Frontend,3,Home
159,Shanaya Henson,Cloud,9,Classic
160,Allegra Palmer,Machine Learning,13,Computer
161,Clive Morrison,Human Resources,12,Gingerbread
162,Kobie Baxter,Backend,3,Makeup
163,Hywel Gonzales,Marketing,9,Cooking
164,Cecelia Mcdougall,Machine Learning,12,Sand
165,Talitha Payne,Backend,5,Podcast
166,Nia Norman,Financial,13,Running
167,Madelyn Proctor,Human Resources,5,Embroidery
168,Stacie Fuentes,Financial,9,Video
169,Sonnie Dickens,Machine Learning,7,Jewelry
170,Camron Carter,Cloud,5,Bread
171,Chace Simmons,Machine Learning,13,Leather
172,Leticia Griffiths,Marketing,10,Wikipedia
173,Faiz Cannon,Machine Learning,12,Camping
174,Dhruv Andrews,Cloud,10,Sewing
175,Taliah Fry,Cloud,5,Parkour
176,Kyan Kirkpatrick,Marketing,10,Memorabilia
177,Gareth Wong,Cloud,10,Calligraphy
178,Cora Chang,Backend,8,Composting
179,Olly Ayers,Cloud,9,Hiking
180,Safiyyah Wilkins,Human Resources,11,Gingerbread
181,Amber Ferrell,Backend,4,Carpet
182,Naomi Mohammed,Financial,11,Gingerbread
183,Gene Kramer,Backend,12,Welding
184,Jean-Luc Rogers,Design,9,Quilting
185,Ameena Rangel,Frontend,11,Language
186,Leena Neale,Machine Learning,2,Art
187,Gina Chaney,Design,3,Home
188,Braydon Gardiner,Backend,5,Home
189,Woodrow Harding,Frontend,9,Cooking
190,John-Paul Barton,Cloud,12,Drawing
191,Rizwan Foster,Financial,10,Dancing
192,Huzaifah Silva,Big Data,10,Growing
193,Ayaz Serrano,Marketing,3,Home
194,Alesha Head,Frontend,7,Kite
195,Tanvir Power,Machine Learning,8,Antique
196,Leoni Magana,Marketing,12,Thrifting
197,Conner Lynch,Design,7,Book
198,Montague Mccall,Cloud,9,Home
199,Balraj Anderse,Machine Learning,9,Working